City_ID,City,Lat,Lng,Max Temp,Humidity,Cloudiness,Wind Speed,Country,Date
0,Codrington,-38.2667,141.9667,48.33,92,4,4.59,AU,2022-06-17 16:04:23
1,Hermanus,-34.4187,19.2345,61.02,57,0,9.08,ZA,2022-06-17 16:04:23
2,Chokurdakh,70.6333,147.9167,36.59,74,98,10.69,RU,2022-06-17 16:04:23
3,Castro,-24.7911,-50.0119,69.64,62,46,13.67,BR,2022-06-17 16:03:18
4,Dikson,73.5069,80.5464,31.23,95,39,13.02,RU,2022-06-17 16:04:24
5,Kutum,14.2,24.6667,92.68,14,30,10.54,SD,2022-06-17 16:04:24
6,Luderitz,-26.6481,15.1594,58.95,77,0,8.63,NA,2022-06-17 16:04:24
7,Zhizdra,53.746,34.7395,63.66,71,86,6.51,RU,2022-06-17 16:04:25
8,Albany,42.6001,-73.9662,82.78,49,3,1.99,US,2022-06-17 16:00:24
9,Nikolskoye,59.7035,30.7861,57.09,77,100,7.2,RU,2022-06-17 16:04:25
10,Mitsamiouli,-11.3847,43.2844,78.3,70,44,12.12,KM,2022-06-17 16:04:25
11,Butaritari,3.0707,172.7902,82.06,77,12,15.43,KI,2022-06-17 16:04:26
12,Eyl,7.9803,49.8164,78.71,81,99,23.31,SO,2022-06-17 16:04:26
13,Gunjur,13.2019,-16.7339,79.34,69,86,12.35,GM,2022-06-17 16:04:26
14,Rikitea,-23.1203,-134.9692,72.16,67,46,0.2,PF,2022-06-17 16:04:27
15,Khatanga,71.9667,102.5,58.44,67,45,10.58,RU,2022-06-17 16:04:27
16,Punta Arenas,-53.15,-70.9167,39.31,65,40,17.27,CL,2022-06-17 16:04:27
17,Los Banos,14.1667,121.1833,84.79,87,39,4.79,PH,2022-06-17 16:01:00
18,Saldanha,-33.0117,17.9442,57.97,89,28,19.6,ZA,2022-06-17 16:04:28
19,Victoria,22.2855,114.1577,85.17,84,98,11.01,HK,2022-06-17 16:00:25
20,New Norfolk,-42.7826,147.0587,48.92,90,96,1.39,AU,2022-06-17 16:04:28
21,Ulaanbaatar,47.9077,106.8832,63.3,77,63,6.89,MN,2022-06-17 16:02:41
22,Sur,22.5667,59.5289,90.12,62,14,1.34,OM,2022-06-17 16:04:28
23,Sambava,-14.2667,50.1667,72.21,89,2,4.5,MG,2022-06-17 16:04:29
24,Batagay-Alyta,67.8006,130.4114,41.2,55,30,3.09,RU,2022-06-17 16:04:29
25,Hare Bay,48.8499,-54.0148,81.19,35,1,7.45,CA,2022-06-17 16:04:29
26,Mandalgovi,45.7625,106.2708,75.22,35,74,4.45,MN,2022-06-17 16:04:30
27,Longyearbyen,78.2186,15.6401,40.84,87,75,10.36,SJ,2022-06-17 16:04:30
28,Bambous Virieux,-20.3428,57.7575,70.21,71,1,8.97,MU,2022-06-17 16:04:30
29,Ushuaia,-54.8,-68.3,32.11,92,99,13.0,AR,2022-06-17 16:00:06
30,Tiksi,71.6872,128.8694,31.33,91,98,5.08,RU,2022-06-17 16:04:31
31,Port Hardy,50.6996,-127.4199,53.64,81,79,6.71,CA,2022-06-17 16:00:23
32,Vaini,-21.2,-175.2,75.36,88,75,10.36,TO,2022-06-17 16:04:31
33,Jacqueville,5.2052,-4.4146,78.21,81,100,16.71,CI,2022-06-17 16:04:32
34,Teshie,5.5836,-0.1072,78.64,77,100,11.63,GH,2022-06-17 16:04:32
35,Sri Aman,1.2376,111.4621,72.81,99,82,1.36,MY,2022-06-17 16:04:33
36,Qinhuangdao,39.9317,119.5883,68.94,87,74,6.89,CN,2022-06-17 16:04:33
37,Georgetown,5.4112,100.3354,80.53,90,20,4.61,MY,2022-06-17 16:04:33
38,Lososina,48.9975,140.3106,50.59,97,97,5.32,RU,2022-06-17 16:04:33
39,Hobart,-42.8794,147.3294,49.26,95,100,0.0,AU,2022-06-17 16:04:34
40,Rio Gallegos,-51.6226,-69.2181,42.85,61,20,28.77,AR,2022-06-17 16:04:34
41,Tilichiki,60.4667,166.1,43.88,95,100,3.74,RU,2022-06-17 16:04:34
42,Kodiak,57.79,-152.4072,47.71,87,100,6.91,US,2022-06-17 16:04:35
43,Rawson,-43.3002,-65.1023,45.18,44,1,16.22,AR,2022-06-17 16:04:35
44,Bakchar,57.0186,82.0711,54.59,99,100,1.95,RU,2022-06-17 16:04:36
45,Bluff,-46.6,168.3333,36.81,74,49,15.32,NZ,2022-06-17 16:04:36
46,Avarua,-21.2078,-159.775,75.25,78,100,4.61,CK,2022-06-17 16:04:36
47,Mahebourg,-20.4081,57.7,70.25,70,14,9.35,MU,2022-06-17 16:04:36
48,Hithadhoo,-0.6,73.0833,82.56,74,100,9.69,MV,2022-06-17 16:04:37
49,Ribeira Grande,38.5167,-28.7,70.2,83,75,5.75,PT,2022-06-17 16:04:37
50,Carnarvon,-24.8667,113.6333,64.47,94,100,6.91,AU,2022-06-17 16:04:37
51,Moree,-29.4667,149.85,49.46,72,97,5.53,AU,2022-06-17 16:04:38
52,Aklavik,68.2191,-135.0107,65.52,49,45,11.14,CA,2022-06-17 16:04:38
53,Sandwick,60.0,-1.25,55.22,76,20,32.21,GB,2022-06-17 16:04:38
54,Souillac,-20.5167,57.5167,72.64,72,52,7.58,MU,2022-06-17 16:04:39
55,Faanui,-16.4833,-151.75,80.06,73,11,19.39,PF,2022-06-17 16:04:39
56,Cape Town,-33.9258,18.4232,62.38,73,46,11.01,ZA,2022-06-17 16:00:33
57,Cabo San Lucas,22.8909,-109.9124,90.7,51,20,4.61,MX,2022-06-17 16:03:15
58,Bonavista,48.6499,-53.1147,52.41,77,3,17.34,CA,2022-06-17 16:04:39
59,Montoro,38.0241,-4.3834,100.98,28,86,16.24,ES,2022-06-17 16:04:40
60,Kerema,-7.9631,145.7785,77.92,87,78,3.36,PG,2022-06-17 16:04:41
61,Inta,66.0317,60.1659,61.34,88,100,5.84,RU,2022-06-17 16:04:41
62,Bredasdorp,-34.5322,20.0403,56.19,55,0,2.86,ZA,2022-06-17 16:04:42
63,Bardiyah,31.7561,25.0865,78.57,60,0,13.53,LY,2022-06-17 16:04:42
64,Clarence Town,-32.5833,151.7833,57.85,85,72,4.85,AU,2022-06-17 16:04:42
65,Mana,5.6592,-53.7767,83.97,67,40,4.79,GF,2022-06-17 16:04:43
66,Zhigansk,66.7697,123.3711,50.4,47,15,8.77,RU,2022-06-17 16:04:43
67,Upernavik,72.7868,-56.1549,35.65,86,54,11.01,GL,2022-06-17 16:04:44
68,Amahai,-3.3333,128.9167,77.52,87,99,2.66,ID,2022-06-17 16:04:44
69,Saint George,37.1041,-113.5841,93.25,12,0,12.66,US,2022-06-17 16:00:21
70,Puerto Ayora,-0.7393,-90.3518,78.76,91,98,5.99,EC,2022-06-17 16:04:44
71,Artyom,40.4723,50.333,75.34,77,0,14.32,AZ,2022-06-17 16:04:45
72,Churachandpur,24.3333,93.6667,65.73,99,100,1.54,IN,2022-06-17 16:03:14
73,Quatre Cocos,-20.2078,57.7625,70.09,71,2,7.67,MU,2022-06-17 16:04:45
74,Acarau,-2.8856,-40.12,84.02,62,84,9.37,BR,2022-06-17 16:04:46
75,Touros,-5.1989,-35.4608,83.1,60,66,11.88,BR,2022-06-17 16:04:46
76,Craig,40.5153,-107.5464,82.35,26,0,12.66,US,2022-06-17 16:04:46
77,Naco,31.3347,-109.9483,86.09,30,97,2.46,MX,2022-06-17 16:04:47
78,Torbay,47.6666,-52.7314,63.28,77,3,4.0,CA,2022-06-17 16:00:26
79,Jamestown,42.097,-79.2353,75.06,54,0,10.0,US,2022-06-17 16:01:05
80,Basco,20.4487,121.9702,84.69,76,81,5.82,PH,2022-06-17 16:04:47
81,Tasiilaq,65.6145,-37.6368,38.68,84,65,5.79,GL,2022-06-17 16:04:47
82,Labuhan,-6.8844,112.2051,79.59,81,99,3.96,ID,2022-06-17 16:04:48
83,San Quintin,30.4833,-115.95,67.08,71,2,10.02,MX,2022-06-17 16:04:48
84,Chuy,-33.6971,-53.4616,60.15,69,99,11.41,UY,2022-06-17 16:04:48
85,Dunedin,-45.8742,170.5036,36.81,85,0,1.99,NZ,2022-06-17 16:01:40
86,Bengkulu,-3.8004,102.2655,75.97,92,100,4.7,ID,2022-06-17 16:04:49
87,Butterworth,5.3991,100.3638,80.64,90,20,4.61,MY,2022-06-17 16:04:49
88,Mataura,-46.1927,168.8643,36.48,98,15,2.37,NZ,2022-06-17 16:04:49
89,Ponta Do Sol,32.6667,-17.1,76.71,69,41,1.99,PT,2022-06-17 16:04:50
90,Ngunguru,-35.6167,174.5,58.12,87,89,8.14,NZ,2022-06-17 16:04:50
91,Samarai,-10.6167,150.6667,79.86,82,14,8.23,PG,2022-06-17 16:04:50
92,Mar Del Plata,-38.0023,-57.5575,47.08,83,75,23.02,AR,2022-06-17 16:00:31
93,Kapaa,22.0752,-159.319,71.92,97,75,10.36,US,2022-06-17 16:04:51
94,Vao,-22.6667,167.4833,74.86,83,100,16.62,NC,2022-06-17 16:04:51
95,Tura,25.5198,90.2201,72.46,99,100,8.05,IN,2022-06-17 16:04:51
96,Cidreira,-30.1811,-50.2056,63.63,96,100,5.99,BR,2022-06-17 16:04:52
97,Port Alfred,-33.5906,26.891,64.29,46,48,11.43,ZA,2022-06-17 16:04:52
98,Saint-Philippe,-21.3585,55.7679,72.99,81,55,5.01,RE,2022-06-17 16:04:52
99,Shingu,33.7333,135.9833,71.74,96,100,5.64,JP,2022-06-17 16:04:53
100,Yellowknife,62.456,-114.3525,60.57,44,80,4.0,CA,2022-06-17 16:01:27
101,Hamilton,39.1834,-84.5333,86.65,70,20,17.27,US,2022-06-17 16:03:51
102,Makokou,0.5738,12.8642,69.31,98,100,2.33,GA,2022-06-17 16:04:53
103,Banda Aceh,5.5577,95.3222,80.38,82,60,6.46,ID,2022-06-17 16:04:54
104,Cherskiy,68.75,161.3,39.43,67,93,7.14,RU,2022-06-17 16:04:54
105,Stolin,51.8912,26.846,62.06,86,100,6.6,BY,2022-06-17 16:04:54
106,Tete,-16.1564,33.5867,78.89,50,20,6.91,MZ,2022-06-17 16:04:54
107,Dubbo,-32.25,148.6167,37.53,100,40,5.75,AU,2022-06-17 16:04:55
108,Lavrentiya,65.5833,-171.0,44.37,66,20,2.77,RU,2022-06-17 16:04:55
109,Denton,33.2001,-97.1336,96.03,49,0,5.75,US,2022-06-17 16:04:55
110,Biak,-0.9131,122.8766,75.96,85,36,6.13,ID,2022-06-17 16:04:56
111,Bay Roberts,47.5999,-53.2648,64.65,69,7,4.0,CA,2022-06-17 16:04:56
112,Cockburn Town,21.4612,-71.1419,81.91,75,100,12.62,TC,2022-06-17 16:00:18
113,Atar,20.5169,-13.0499,110.48,11,24,20.04,MR,2022-06-17 16:04:56
114,Carros,43.7894,7.184,89.31,55,20,6.91,FR,2022-06-17 16:04:57
115,Bandarbeyla,9.4942,50.8122,78.17,80,22,28.72,SO,2022-06-17 16:04:57
116,San Juan,-31.5375,-68.5364,62.04,18,0,10.51,AR,2022-06-17 16:01:19
117,Urumqi,43.801,87.6005,74.35,36,0,6.71,CN,2022-06-17 16:04:57
118,Aksarayskiy,46.7924,48.0119,77.32,37,98,5.68,RU,2022-06-17 16:04:58
119,Pochutla,15.7432,-96.4661,84.81,67,100,3.89,MX,2022-06-17 16:04:58
120,The Pas,53.8251,-101.2541,55.99,52,89,8.16,CA,2022-06-17 16:04:58
121,Diego De Almagro,-26.3667,-70.05,63.28,20,0,3.15,CL,2022-06-17 16:04:59
122,Jeremie,18.65,-74.1167,86.54,62,86,4.85,HT,2022-06-17 16:04:59
123,Siniscola,40.5719,9.6922,85.55,46,7,5.53,IT,2022-06-17 16:04:59
124,Feijo,-8.1642,-70.3536,80.73,82,36,1.36,BR,2022-06-17 16:05:00
125,Quelimane,-17.8786,36.8883,66.36,79,14,4.09,MZ,2022-06-17 16:05:00
126,Belyy Yar,53.6039,91.3903,64.29,63,0,8.95,RU,2022-06-17 16:05:00
127,Flinders,-34.5833,150.8552,57.18,75,53,5.99,AU,2022-06-17 16:05:00
128,Kulhudhuffushi,6.6221,73.07,82.62,78,51,11.9,MV,2022-06-17 16:05:01
129,Arraial Do Cabo,-22.9661,-42.0278,78.66,50,0,10.36,BR,2022-06-17 16:05:01
130,Santa Isabel,-23.3156,-46.2214,79.9,26,1,8.88,BR,2022-06-17 16:04:21
131,Berlevag,70.8578,29.0864,42.8,87,75,4.61,NO,2022-06-17 16:05:01
132,Kardla,58.9978,22.7492,66.18,63,0,6.91,EE,2022-06-17 16:05:02
133,Broome,42.2506,-75.833,82.02,52,75,13.8,US,2022-06-17 16:05:02
134,Hilo,19.7297,-155.09,71.62,86,43,3.0,US,2022-06-17 16:01:22
135,Arlit,18.7369,7.3853,102.52,14,96,11.86,NE,2022-06-17 16:05:03
136,Ilulissat,69.2167,-51.1,37.42,93,75,3.44,GL,2022-06-17 16:05:03
137,Scottsbluff,41.8666,-103.6672,79.92,52,0,14.97,US,2022-06-17 16:05:03
138,Campina Verde,-19.5356,-49.4864,87.96,20,0,8.39,BR,2022-06-17 16:05:04
139,Hualmay,-11.0964,-77.6139,65.53,70,36,9.37,PE,2022-06-17 16:05:04
140,Bathsheba,13.2167,-59.5167,86.61,66,40,23.02,BB,2022-06-17 16:05:04
141,Mgandu,-5.95,34.1333,69.26,41,17,6.13,TZ,2022-06-17 16:05:05
142,Tuatapere,-46.1333,167.6833,37.87,92,9,3.27,NZ,2022-06-17 16:05:05
143,Thompson,55.7435,-97.8558,57.81,21,57,4.45,CA,2022-06-17 16:05:05
144,Paamiut,61.994,-49.6678,42.76,76,100,23.09,GL,2022-06-17 16:05:06
145,Ranong,9.9658,98.6348,79.72,83,30,1.34,TH,2022-06-17 16:05:06
146,Humaita,-7.5061,-63.0208,89.04,51,8,5.03,BR,2022-06-17 16:05:06
147,Tuktoyaktuk,69.4541,-133.0374,50.32,59,77,8.1,CA,2022-06-17 16:05:07
148,Bethel,41.3712,-73.414,85.15,71,0,11.5,US,2022-06-17 16:05:07
149,Lompoc,34.6391,-120.4579,63.79,74,40,8.99,US,2022-06-17 16:03:07
150,Port Macquarie,-31.4333,152.9167,44.89,80,5,8.05,AU,2022-06-17 16:05:07
151,Busselton,-33.65,115.3333,56.55,69,96,22.17,AU,2022-06-17 16:05:08
152,Barrow,71.2906,-156.7887,42.82,75,75,4.61,US,2022-06-17 16:05:08
153,Maceio,-9.6658,-35.7353,74.64,88,100,6.91,BR,2022-06-17 16:05:08
154,Ozernovskiy,51.5,156.5167,52.32,67,100,2.75,RU,2022-06-17 16:05:09
155,Karratha,-20.7377,116.8463,76.89,71,98,7.63,AU,2022-06-17 16:05:09
156,Sao Filipe,14.8961,-24.4956,76.59,73,88,17.18,CV,2022-06-17 16:05:09
157,Lienz,46.8289,12.769,78.19,36,93,6.44,AT,2022-06-17 16:05:10
158,Dingle,10.9995,122.6711,78.64,84,13,4.63,PH,2022-06-17 16:05:10
159,Port Lincoln,-34.7333,135.8667,54.48,69,0,12.1,AU,2022-06-17 16:05:10
160,Rockingham,42.9668,-71.0995,85.37,67,69,1.99,US,2022-06-17 16:04:19
161,Bestobe,52.4994,73.0975,69.48,46,50,9.51,KZ,2022-06-17 16:05:11
162,Yumen,40.2833,97.2,76.15,28,100,6.04,CN,2022-06-17 16:05:11
163,Gwanda,-20.9333,29.0,63.12,44,0,6.8,ZW,2022-06-17 16:05:11
164,East London,-33.0153,27.9116,67.6,54,34,6.35,ZA,2022-06-17 16:05:11
165,Zyryanka,65.75,150.85,54.41,36,23,5.91,RU,2022-06-17 16:05:12
166,Awjilah,29.1081,21.2869,93.94,19,1,13.42,LY,2022-06-17 16:05:12
167,Knysna,-34.0363,23.0471,62.83,44,11,4.09,ZA,2022-06-17 16:05:12
168,Necochea,-38.5473,-58.7368,47.84,74,99,30.96,AR,2022-06-17 16:05:13
169,Pagudpud,18.5616,120.7868,80.2,78,100,3.58,PH,2022-06-17 16:05:13
170,Huarmey,-10.0681,-78.1522,66.94,68,21,8.25,PE,2022-06-17 16:05:13
171,Klaksvik,62.2266,-6.589,49.12,87,99,43.22,FO,2022-06-17 16:05:14
172,Komsomolskiy,40.4272,71.7189,83.12,21,100,9.22,UZ,2022-06-17 16:05:14
173,Rognan,67.0953,15.3878,62.76,66,36,1.48,NO,2022-06-17 16:05:14
174,Kimbe,-5.5502,150.1429,74.59,93,73,3.42,PG,2022-06-17 16:05:15
175,Constantine,36.365,6.6147,94.41,18,0,13.8,DZ,2022-06-17 16:05:15
176,Shurugwi,-19.6702,30.0059,57.58,53,0,4.9,ZW,2022-06-17 16:05:16
177,Borovskoy,53.8,64.15,66.76,66,97,0.07,KZ,2022-06-17 16:05:16
178,Yoichi,43.2039,140.7703,57.83,89,83,5.61,JP,2022-06-17 16:04:09
179,Saint-Pierre,-21.3393,55.4781,73.08,78,40,3.44,RE,2022-06-17 16:04:01
180,Murom,55.5656,42.0417,64.65,70,100,7.0,RU,2022-06-17 16:05:17
181,Lebu,-37.6167,-73.65,51.4,80,67,5.97,CL,2022-06-17 16:05:17
182,Jumla,29.2747,82.1838,60.49,90,82,2.66,NP,2022-06-17 16:03:06
183,Yen Bai,21.7,104.8667,81.3,80,100,2.46,VN,2022-06-17 16:05:17
184,Kemijarvi,66.7131,27.4306,47.8,71,100,7.72,FI,2022-06-17 16:05:18
185,Saskylakh,71.9167,114.0833,62.28,37,100,19.15,RU,2022-06-17 16:05:18
186,Clyde River,70.4692,-68.5914,33.12,81,82,20.83,CA,2022-06-17 16:05:18
187,Itapirapua,-15.8233,-50.6133,92.48,22,1,5.26,BR,2022-06-17 16:05:19
188,Atuona,-9.8,-139.0333,78.12,66,2,19.89,PF,2022-06-17 16:05:19
189,Sistranda,63.7256,8.834,66.16,81,100,10.04,NO,2022-06-17 16:05:19
190,Lalmohan,22.3384,90.7419,82.81,84,100,17.4,BD,2022-06-17 16:05:20
191,Kobayashi,31.9833,130.9833,73.78,100,100,1.81,JP,2022-06-17 16:05:20
192,Pevek,69.7008,170.3133,31.46,81,84,1.79,RU,2022-06-17 16:04:29
193,Kushiro,42.975,144.3747,57.49,94,99,2.37,JP,2022-06-17 16:04:19
194,Saint-Augustin,51.226,-58.6502,53.85,82,100,20.13,CA,2022-06-17 16:05:20
195,Machali,-34.1833,-70.6667,40.28,100,100,5.75,CL,2022-06-17 16:05:21
196,Laguna,38.421,-121.4238,63.01,57,0,13.8,US,2022-06-17 16:04:04
197,Ballangen,68.3428,16.8315,55.62,67,75,3.44,NO,2022-06-17 16:05:21
198,Qaanaaq,77.484,-69.3632,39.52,82,2,5.26,GL,2022-06-17 16:05:21
199,Kahului,20.8947,-156.47,76.84,68,40,5.75,US,2022-06-17 16:05:22
200,Saint-Joseph,-21.3667,55.6167,71.98,80,36,2.33,RE,2022-06-17 16:05:22
201,Lamar,33.6668,-95.5836,93.63,58,0,0.0,US,2022-06-17 16:05:22
202,Denpasar,-8.65,115.2167,82.06,89,40,6.91,ID,2022-06-17 16:05:23
203,Lawang,-7.8353,112.6947,70.07,92,100,2.39,ID,2022-06-17 16:05:23
204,Evensk,61.95,159.2333,45.43,97,100,2.68,RU,2022-06-17 16:05:23
205,Bongandanga,1.5,21.05,70.86,98,100,4.38,CD,2022-06-17 16:05:24
206,Leningradskiy,69.3833,178.4167,34.61,78,37,2.89,RU,2022-06-17 16:05:24
207,Itarema,-2.9248,-39.9167,84.22,62,85,10.47,BR,2022-06-17 16:05:24
208,Den Helder,52.9599,4.7593,80.58,39,75,20.71,NL,2022-06-17 16:03:56
209,Vanimo,-2.6741,141.3028,77.13,89,29,6.15,PG,2022-06-17 16:05:25
210,Bow Island,49.8668,-111.3684,69.48,57,91,12.28,CA,2022-06-17 16:05:25
211,Tiznit,29.5833,-9.5,86.41,33,3,8.77,MA,2022-06-17 16:02:37
212,Cap Malheureux,-19.9842,57.6142,70.47,76,1,10.54,MU,2022-06-17 16:05:25
213,Narsaq,60.9167,-46.05,53.82,60,100,3.04,GL,2022-06-17 16:05:26
214,Pucallpa,-8.3791,-74.5539,86.04,62,40,2.3,PE,2022-06-17 16:05:26
215,Valdivia,-39.8142,-73.2459,39.29,80,19,1.28,CL,2022-06-17 16:05:26
216,Pahrump,36.2083,-115.9839,88.32,14,0,8.01,US,2022-06-17 16:05:27
217,Tsumeb,-19.2333,17.7167,71.91,22,0,3.56,NA,2022-06-17 16:05:27
218,Ocos,14.5094,-92.1933,80.78,85,100,6.44,GT,2022-06-17 16:05:27
219,Talas,38.6908,35.5538,79.47,32,20,10.36,TR,2022-06-17 16:05:28
220,Sechura,-5.5569,-80.8222,70.5,61,30,12.24,PE,2022-06-17 16:05:28
221,Kruisfontein,-34.0033,24.7314,61.88,31,51,5.41,ZA,2022-06-17 16:05:28
222,Roald,62.5833,6.1333,61.9,88,75,8.05,NO,2022-06-17 16:05:29
223,Sibolga,1.7427,98.7792,74.84,94,100,4.94,ID,2022-06-17 16:05:29
224,Camacha,33.0833,-16.3333,69.22,68,40,13.8,PT,2022-06-17 16:05:29
225,Katsuura,35.1333,140.3,72.81,89,100,16.58,JP,2022-06-17 16:05:30
226,La Ronge,55.1001,-105.2842,48.88,81,100,9.22,CA,2022-06-17 16:05:04
227,Rantauprapat,2.1,99.8333,73.67,99,95,2.62,ID,2022-06-17 16:05:30
228,Ahipara,-35.1667,173.1667,57.0,92,92,6.67,NZ,2022-06-17 16:05:31
229,Ambon,-3.6954,128.1814,80.24,13,40,4.61,ID,2022-06-17 16:05:31
230,Joensuu,62.6012,29.7632,52.29,82,75,9.22,FI,2022-06-17 16:05:31
231,Haines Junction,60.7522,-137.5108,62.33,48,100,1.95,CA,2022-06-17 16:05:32
232,Saint-Francois,46.4154,3.9054,92.68,31,0,5.75,FR,2022-06-17 16:05:32
233,Qui Nhon,13.7667,109.2333,81.36,85,9,4.99,VN,2022-06-17 16:05:32
234,Lebanon,36.2081,-86.2911,91.62,69,87,10.87,US,2022-06-17 16:01:22
235,Franklin,39.9667,-83.0166,86.47,48,75,16.11,US,2022-06-17 16:05:33
236,Deputatskiy,69.3,139.9,35.51,79,16,4.16,RU,2022-06-17 16:05:33
237,Uchiza,-8.4592,-76.4633,81.48,54,6,2.53,PE,2022-06-17 16:05:33
238,Behbahan,30.5959,50.2417,103.05,5,0,8.46,IR,2022-06-17 16:05:34
239,Conceicao Do Araguaia,-8.2578,-49.2647,91.54,38,12,4.27,BR,2022-06-17 16:05:34
240,Taiyuan,37.8694,112.5603,80.46,50,0,17.9,CN,2022-06-17 16:00:48
241,Gboko,7.3179,8.9951,71.74,91,99,6.35,NG,2022-06-17 16:05:34
242,Raudeberg,61.9875,5.1352,54.95,93,100,17.0,NO,2022-06-17 16:05:35
243,Viedma,-40.8135,-62.9967,48.36,42,6,23.87,AR,2022-06-17 16:05:35
244,Solnechnyy,50.7214,136.6319,56.14,97,100,3.69,RU,2022-06-17 16:05:35
245,Perene,-10.9492,-75.2261,83.44,35,0,3.53,PE,2022-06-17 16:05:36
246,Comodoro Rivadavia,-45.8667,-67.5,44.46,49,0,33.38,AR,2022-06-17 16:04:17
247,Chernyshevskiy,63.0128,112.4714,54.64,51,7,2.95,RU,2022-06-17 16:05:36
248,Avera,33.194,-82.5271,92.55,38,31,8.08,US,2022-06-17 16:05:36
249,Kavali,14.9167,79.9833,86.36,70,84,13.58,IN,2022-06-17 16:05:37
250,Oga,46.4631,10.347,74.97,34,85,8.12,IT,2022-06-17 16:05:37
251,Geraldton,-28.7667,114.6,66.61,77,75,23.02,AU,2022-06-17 16:05:37
252,Egvekinot,66.3167,-179.1667,35.26,95,97,3.56,RU,2022-06-17 16:04:12
253,Isla Mujeres,21.2311,-86.731,86.16,74,97,12.39,MX,2022-06-17 16:05:38
254,Provideniya,64.3833,-173.3,47.79,55,14,3.11,RU,2022-06-17 16:05:38
255,Hasaki,35.7333,140.8333,66.6,87,100,8.48,JP,2022-06-17 16:05:38
256,Rio Grande,-32.035,-52.0986,60.91,96,100,12.21,BR,2022-06-17 16:05:38
257,Nefteyugansk,61.0998,72.6035,64.85,67,90,7.63,RU,2022-06-17 16:05:39
258,Ylivieska,64.0833,24.55,62.89,54,37,5.66,FI,2022-06-17 16:05:39
259,Tautira,-17.7333,-149.15,78.28,73,36,15.1,PF,2022-06-17 16:01:14
260,Abha,18.2164,42.5053,75.45,53,40,4.61,SA,2022-06-17 16:05:39
261,Salinas,36.6777,-121.6555,62.01,66,100,8.05,US,2022-06-17 16:05:40
262,Atasu,48.6814,71.6433,70.74,44,41,12.73,KZ,2022-06-17 16:05:40
263,Vardo,70.3705,31.1107,40.98,93,75,9.22,NO,2022-06-17 16:05:40
264,Laguna De Perlas,12.3429,-83.6712,82.42,73,96,1.95,NI,2022-06-17 16:05:41
265,Coihaique,-45.5752,-72.0662,42.75,52,75,5.75,CL,2022-06-17 16:03:03
266,Sitka,57.0531,-135.33,55.29,76,75,6.91,US,2022-06-17 16:05:41
267,Craigieburn,-37.6,144.95,48.11,94,75,8.05,AU,2022-06-17 16:05:41
268,Ascension,30.2169,-90.9001,92.08,71,40,0.0,US,2022-06-17 16:05:42
269,Naze,28.3667,129.4833,74.5,88,100,21.03,JP,2022-06-17 16:05:42
270,Tambopata,-12.7333,-69.1833,85.89,54,20,4.61,PE,2022-06-17 16:05:43
271,Pangoa,-12.1167,-73.0,81.3,45,0,2.66,PE,2022-06-17 16:05:43
272,Imeni Poliny Osipenko,52.4201,136.4853,55.27,91,100,6.69,RU,2022-06-17 16:05:43
273,George,-33.963,22.4617,62.37,42,1,3.65,ZA,2022-06-17 16:05:43
274,Los Llanos De Aridane,28.6585,-17.9182,73.15,78,20,14.97,ES,2022-06-17 16:05:44
275,Pulaski,34.7668,-92.3001,91.83,68,40,8.05,US,2022-06-17 16:05:44
276,Paita,-5.0892,-81.1144,68.29,68,22,14.56,PE,2022-06-17 16:05:44
277,Lieksa,63.3167,30.0167,46.74,89,100,10.07,FI,2022-06-17 16:05:45
278,Asyut,27.181,31.1837,96.85,19,0,16.28,EG,2022-06-17 16:05:45
279,Gushikawa,26.3544,127.8686,76.23,98,75,6.91,JP,2022-06-17 16:05:45
280,Santa Rosa,14.3122,121.1114,87.78,72,36,6.22,PH,2022-06-17 16:03:31
281,Esmeraldas,-19.7625,-44.3139,76.06,27,0,4.97,BR,2022-06-17 16:03:34
282,Bilma,18.6853,12.9164,105.71,10,40,12.01,NE,2022-06-17 16:05:46
283,Lasa,46.6166,10.7002,85.69,35,95,6.62,IT,2022-06-17 16:05:46
284,Ayagoz,47.9714,80.4392,61.18,48,29,6.8,KZ,2022-06-17 16:05:47
285,Constitucion,-35.3333,-72.4167,55.83,52,8,7.67,CL,2022-06-17 16:05:47
286,Coahuayana,18.7333,-103.6833,86.68,58,100,4.74,MX,2022-06-17 16:05:47
287,Imbituba,-28.24,-48.6703,75.38,60,100,11.16,BR,2022-06-17 16:05:48
288,Zhaoyuan,37.3592,120.3964,71.73,80,79,12.24,CN,2022-06-17 16:05:48
289,Alofi,-19.0595,-169.9187,78.21,77,63,23.91,NU,2022-06-17 16:05:48
290,Verkh-Tula,54.8839,82.7762,58.78,88,100,11.18,RU,2022-06-17 16:05:48
291,Athabasca,54.7169,-113.2854,57.45,92,100,10.87,CA,2022-06-17 16:05:49
292,Vila Franca Do Campo,37.7167,-25.4333,73.81,69,0,2.64,PT,2022-06-17 16:05:49
293,Forbes,-33.3833,148.0167,42.93,91,65,4.61,AU,2022-06-17 16:05:49
294,Kapit,2.0167,112.9333,73.85,100,100,1.81,MY,2022-06-17 16:05:50
295,Honiara,-9.4333,159.95,77.09,82,99,4.59,SB,2022-06-17 16:05:50
296,Lagoa,39.05,-27.9833,67.37,88,0,6.06,PT,2022-06-17 16:05:50
297,Plettenberg Bay,-34.0527,23.3716,62.62,49,23,4.16,ZA,2022-06-17 16:05:51
298,San Jose De Las Lajas,22.9614,-82.1511,85.12,60,99,11.9,CU,2022-06-17 16:05:51
299,Sirari,-1.2333,34.4333,65.82,68,37,1.88,TZ,2022-06-17 16:05:51
300,Brae,60.3964,-1.353,54.63,78,50,25.55,GB,2022-06-17 16:05:52
301,Tessalit,20.1986,1.0114,93.02,26,99,21.68,ML,2022-06-17 16:05:52
302,Yuli,9.6989,10.2744,81.91,63,98,4.63,NG,2022-06-17 16:05:52
303,Semirom,31.4167,51.5667,74.8,20,0,15.28,IR,2022-06-17 16:05:53
304,Ixtapa,20.7,-105.2,82.22,83,75,5.75,MX,2022-06-17 16:05:53
305,Diu,20.7141,70.9822,84.94,77,96,13.51,IN,2022-06-17 16:05:53
306,Xining,36.6167,101.7667,63.1,47,100,3.42,CN,2022-06-17 16:05:54
307,Kokkola,63.8385,23.1307,60.96,55,0,4.61,FI,2022-06-17 16:05:54
308,Nyurba,63.2842,118.3319,51.39,59,0,1.92,RU,2022-06-17 16:05:54
309,Menongue,-14.6585,17.691,73.83,27,19,4.12,AO,2022-06-17 16:05:55
310,Ulcinj,41.9294,19.2244,79.02,69,100,10.29,ME,2022-06-17 16:05:55
311,Nanortalik,60.1432,-45.2371,46.76,65,99,22.17,GL,2022-06-17 16:05:55
312,Lipari,38.4674,14.954,82.33,69,36,12.46,IT,2022-06-17 16:05:55
313,Half Moon Bay,37.4636,-122.4286,61.61,76,75,9.22,US,2022-06-17 16:03:57
314,Salalah,17.0151,54.0924,86.09,89,75,10.36,OM,2022-06-17 16:05:56
315,Severo-Yeniseyskiy,60.3725,93.0408,52.88,97,77,3.83,RU,2022-06-17 16:05:56
316,Las Vegas,36.175,-115.1372,92.08,13,0,17.27,US,2022-06-17 16:00:58
317,Taunggyi,20.7833,97.0333,64.26,92,100,3.69,MM,2022-06-17 16:03:46
318,Morro Bay,35.3658,-120.8499,61.0,72,100,1.01,US,2022-06-17 16:04:18
319,Voyvozh,62.892,54.9635,60.49,82,100,5.79,RU,2022-06-17 16:05:57
320,Bitung,1.4451,125.1824,76.05,83,66,3.69,ID,2022-06-17 16:05:57
321,Benjamin Constant,-4.3831,-70.0311,84.33,78,75,8.05,BR,2022-06-17 16:05:57
322,Korla,41.7597,86.1469,77.22,35,100,6.93,CN,2022-06-17 16:05:58
323,Hofn,64.2539,-15.2082,50.04,77,100,16.82,IS,2022-06-17 16:05:58
324,Phuthaditjhaba,-28.5242,28.8158,46.49,22,0,5.64,ZA,2022-06-17 16:05:59
325,Umm Lajj,25.0213,37.2685,86.22,62,0,8.84,SA,2022-06-17 16:05:59
326,Mizdah,31.4451,12.9801,90.95,16,10,8.25,LY,2022-06-17 16:05:59
327,Grand Gaube,-20.0064,57.6608,70.38,76,2,10.16,MU,2022-06-17 16:06:00
328,Iqaluit,63.7506,-68.5145,38.93,64,100,12.66,CA,2022-06-17 16:06:00
329,Altay,47.8667,88.1167,56.52,56,3,4.03,CN,2022-06-17 16:06:00
330,Kiunga,-6.1219,141.2906,72.39,100,68,1.52,PG,2022-06-17 16:06:01
331,Airai,-8.9266,125.4092,57.27,93,73,3.18,TL,2022-06-17 16:06:01
332,Tromso,69.6496,18.957,53.62,58,40,13.8,NO,2022-06-17 16:06:02
333,Novosheshminsk,55.0651,51.2338,63.86,84,10,5.57,RU,2022-06-17 16:06:02
334,Yeppoon,-23.1333,150.7333,49.78,63,0,6.53,AU,2022-06-17 16:06:02
335,Victoria Point,-27.5833,153.3,53.62,89,6,1.01,AU,2022-06-17 16:06:03
336,Novyy Urengoy,66.0833,76.6333,62.94,35,46,9.01,RU,2022-06-17 16:06:03
337,Prado,-17.3411,-39.2208,76.23,62,80,4.72,BR,2022-06-17 16:06:03
338,Port Elizabeth,-33.918,25.5701,64.09,63,65,3.96,ZA,2022-06-17 16:06:04
339,Athens,37.9795,23.7162,89.26,36,0,12.66,GR,2022-06-17 16:06:03
340,Maibong,25.3,93.1667,71.94,99,100,5.99,IN,2022-06-17 16:06:04
341,Benito Juarez,19.385,-99.165,66.83,60,20,5.99,MX,2022-06-17 16:02:48
342,Tomatlan,19.9333,-105.25,83.41,67,92,4.09,MX,2022-06-17 16:06:04
343,Namatanai,-3.6667,152.4333,79.23,82,73,6.58,PG,2022-06-17 16:06:05
344,Tartagal,-22.5164,-63.8013,67.28,35,1,7.96,AR,2022-06-17 16:06:05
345,Lata,40.1629,-8.3327,84.49,47,61,9.6,PT,2022-06-17 16:06:05
346,Inzhavino,52.3185,42.4937,64.51,70,93,2.26,RU,2022-06-17 16:06:06
347,Vagur,61.4732,-6.8119,48.06,79,89,46.95,FO,2022-06-17 16:06:06
348,Shivrajpur,22.4167,73.65,87.76,59,92,15.52,IN,2022-06-17 16:06:06
349,College,64.8569,-147.8028,61.9,70,20,5.75,US,2022-06-17 16:06:07
350,George Town,5.4112,100.3354,80.53,90,20,4.61,MY,2022-06-17 16:06:07
351,Esperance,-33.8667,121.9,65.16,79,0,24.49,AU,2022-06-17 16:06:07
352,Kaitangata,-46.2817,169.8464,36.59,94,13,6.42,NZ,2022-06-17 16:06:08
353,Smyrna,33.884,-84.5144,92.91,59,75,9.22,US,2022-06-17 16:06:08
354,Bandarban,22.1965,92.2262,75.27,97,100,3.85,BD,2022-06-17 16:06:08
355,Aki,33.5,133.9,71.55,95,100,3.15,JP,2022-06-17 16:06:09
356,Osypenko,46.9136,36.8253,72.21,47,39,6.67,UA,2022-06-17 16:06:09
357,Chowchilla,37.123,-120.2602,62.62,48,0,10.36,US,2022-06-17 16:03:10
358,Kisangani,0.5167,25.2,74.55,91,89,2.68,CD,2022-06-17 16:06:09
359,Isangel,-19.55,169.2667,77.65,90,100,7.18,VU,2022-06-17 16:06:10
360,Tevaitoa,-16.7833,-151.5,79.74,72,11,18.57,PF,2022-06-17 16:06:10
361,Sola,-13.8833,167.55,81.1,79,100,17.31,VU,2022-06-17 16:06:10
362,Caravelas,-17.7125,-39.2481,76.15,62,53,4.72,BR,2022-06-17 16:06:11
363,Dzaoudzi,-12.7887,45.2699,78.69,69,0,12.66,YT,2022-06-17 16:06:11
364,Oranjemund,-28.55,16.4333,57.76,81,0,13.65,NA,2022-06-17 16:06:11
365,Mlonggo,-6.5333,110.7,78.87,81,95,3.58,ID,2022-06-17 16:06:12
366,Kenai,60.5544,-151.2583,52.09,85,20,3.44,US,2022-06-17 16:06:13
367,Nokha,27.6,73.4167,95.79,35,6,20.45,IN,2022-06-17 16:06:13
368,Birjand,32.8663,59.2211,78.58,21,1,22.82,IR,2022-06-17 16:06:13
369,Ballina,-28.8667,153.5667,54.01,91,95,5.14,AU,2022-06-17 16:06:14
370,Sainte-Agathe-Des-Monts,46.0501,-74.2825,74.05,68,24,1.01,CA,2022-06-17 16:06:14
371,Gravdal,68.1214,13.5031,53.49,71,40,8.05,NO,2022-06-17 16:06:14
372,Sabha,27.0377,14.4283,93.61,14,0,13.29,LY,2022-06-17 16:06:15
373,Boende,-0.2167,20.8667,72.28,97,99,3.53,CD,2022-06-17 16:06:15
374,Bireun,5.203,96.7009,77.77,85,85,5.32,ID,2022-06-17 16:06:15
375,Riyadh,24.6877,46.7219,104.14,9,7,14.09,SA,2022-06-17 16:06:16
376,Pangody,65.85,74.4859,59.65,40,55,8.97,RU,2022-06-17 16:06:16
377,Peleduy,59.6289,112.7406,59.54,47,4,5.88,RU,2022-06-17 16:06:16
378,Phibun Mangsahan,15.2447,105.2291,81.37,78,100,7.4,TH,2022-06-17 16:06:17
379,Finote Selam,10.7,37.2667,69.26,61,91,4.83,ET,2022-06-17 16:06:17
380,Melfort,52.8667,-104.6177,59.63,75,94,14.76,CA,2022-06-17 16:06:17
381,Kiruna,67.8557,20.2251,56.32,47,40,3.44,SE,2022-06-17 16:06:18
382,Mount Gambier,-37.8333,140.7667,40.91,100,100,8.05,AU,2022-06-17 16:06:18
383,Bachaquero,9.9694,-71.1494,87.42,64,92,6.89,VE,2022-06-17 16:06:18
384,Jaciara,-15.9653,-54.9683,92.23,28,3,8.21,BR,2022-06-17 16:06:19
385,Sakakah,29.9697,40.2064,103.75,10,0,11.63,SA,2022-06-17 16:06:19
386,Nome,64.5011,-165.4064,57.27,51,100,9.22,US,2022-06-17 16:06:19
387,Ishinomaki,38.4167,141.3,62.26,84,0,3.36,JP,2022-06-17 16:06:19
388,Mehamn,71.0357,27.8492,42.75,75,75,6.91,NO,2022-06-17 16:06:20
389,Vila Velha,-20.3297,-40.2925,82.35,55,0,10.36,BR,2022-06-17 16:04:37
390,Pappadatai,39.3133,20.7925,81.45,82,89,10.18,GR,2022-06-17 16:06:20
391,Kolondieba,11.0882,-6.8926,85.23,57,96,2.28,ML,2022-06-17 16:06:20
392,Vega De Alatorre,20.0333,-96.6333,82.99,66,61,8.5,MX,2022-06-17 16:06:21
393,Norman Wells,65.282,-126.8329,59.77,46,0,8.21,CA,2022-06-17 16:06:21
394,Samokov,42.3333,23.55,70.3,83,66,4.07,BG,2022-06-17 16:06:21
395,Westport,41.1415,-73.3579,86.45,77,0,12.66,US,2022-06-17 16:03:45
396,Zavitinsk,50.1167,129.45,53.69,97,100,6.13,RU,2022-06-17 16:06:22
397,Porto Novo,6.4965,2.6036,74.21,93,100,5.59,BJ,2022-06-17 16:06:22
398,Kemin,42.7846,75.6892,59.02,85,87,5.97,KG,2022-06-17 16:06:23
399,Pacific Grove,36.6177,-121.9166,60.91,78,0,6.91,US,2022-06-17 16:06:23
400,Faya,18.3851,42.4509,75.72,55,94,7.0,SA,2022-06-17 16:06:23
401,Preili,56.2944,26.7246,63.68,60,49,10.0,LV,2022-06-17 16:06:23
402,Saint-Ambroise,48.5501,-71.3324,72.57,69,41,10.16,CA,2022-06-17 16:06:24
403,Juegang,32.3174,121.1855,78.94,84,61,9.98,CN,2022-06-17 16:06:24
404,Osvaldo Cruz,-21.7967,-50.8786,86.34,27,1,14.83,BR,2022-06-17 16:03:28
405,Novikovo,51.1537,37.8879,67.39,72,95,3.71,RU,2022-06-17 16:06:24
406,Ratnagiri,16.9833,73.3,83.44,76,100,4.59,IN,2022-06-17 16:06:25
407,Miri,4.4148,114.0089,77.67,87,71,2.82,MY,2022-06-17 16:06:25
408,Turukhansk,65.8167,87.9833,66.69,59,81,13.58,RU,2022-06-17 16:06:25
409,Ambilobe,-13.2,49.05,72.05,82,20,1.5,MG,2022-06-17 16:06:26
410,Vanavara,60.34,102.2797,59.45,94,78,2.64,RU,2022-06-17 16:06:26
411,Fairbanks,64.8378,-147.7164,61.92,70,0,5.75,US,2022-06-17 16:06:26
412,Las Palmas,28.4204,-14.0131,74.19,65,20,23.02,ES,2022-06-17 16:05:28
413,Muscat,23.6139,58.5922,91.42,57,0,2.21,OM,2022-06-17 16:03:28
414,Placido De Castro,-10.3353,-67.1856,79.88,87,23,1.36,BR,2022-06-17 16:06:27
415,Port-Gentil,-0.7193,8.7815,78.76,73,20,12.66,GA,2022-06-17 16:06:27
416,Baracoa,20.3467,-74.4958,85.87,66,100,5.14,CU,2022-06-17 16:06:27
417,Rio Cuarto,-33.1307,-64.3499,65.34,23,0,12.66,AR,2022-06-17 16:05:54
418,Ujiie,36.6833,139.9667,65.32,90,66,2.95,JP,2022-06-17 16:06:28
419,Fort Nelson,58.8053,-122.7002,53.06,94,99,2.75,CA,2022-06-17 16:06:28
420,Rio Branco,-9.9747,-67.81,84.81,70,75,2.3,BR,2022-06-17 16:06:28
421,Jind,29.3167,76.3167,84.65,62,77,13.87,IN,2022-06-17 16:06:29
422,Sao Gabriel Da Cachoeira,-0.1303,-67.0892,85.62,62,26,2.15,BR,2022-06-17 16:06:29
423,Rincon,32.296,-81.2354,91.85,56,75,6.91,US,2022-06-17 16:05:48
424,Gizo,-8.103,156.8419,81.52,74,19,5.37,SB,2022-06-17 16:06:29
425,Lotoshino,56.2267,35.6414,60.69,82,88,8.72,RU,2022-06-17 16:06:30
426,Acapulco,16.8634,-99.8901,82.22,74,75,3.44,MX,2022-06-17 16:03:56
427,Kununurra,-15.7667,128.7333,57.18,72,40,0.0,AU,2022-06-17 16:03:03
428,Taltal,-25.4,-70.4833,63.55,54,0,4.45,CL,2022-06-17 16:06:30
429,Springbok,-29.6643,17.8865,53.22,42,0,6.49,ZA,2022-06-17 16:06:31
430,Sovetskiy,61.3614,63.5842,71.73,50,58,5.35,RU,2022-06-17 16:06:31
431,Tuensang,26.2833,94.8333,67.89,98,100,2.57,IN,2022-06-17 16:06:31
432,Turtas,58.9417,69.1325,59.58,70,45,4.14,RU,2022-06-17 16:06:32
433,Yarim,14.298,44.3779,66.13,45,100,1.57,YE,2022-06-17 16:06:32
434,Luanda,-8.8368,13.2343,73.29,74,14,16.06,AO,2022-06-17 16:06:32
435,Kashi,39.4547,75.9797,80.44,17,100,1.83,CN,2022-06-17 16:06:32
436,Brake,53.3333,8.4833,79.18,63,99,5.01,DE,2022-06-17 16:06:33
437,Portland,45.5234,-122.6762,56.73,82,100,3.0,US,2022-06-17 16:05:12
438,Ancud,-41.8697,-73.8203,45.23,71,93,1.77,CL,2022-06-17 16:04:38
439,Talnakh,69.4865,88.3972,54.88,55,18,10.4,RU,2022-06-17 16:06:33
440,Tchaourou,8.8865,2.5975,77.43,75,100,3.91,BJ,2022-06-17 16:06:34
441,Asau,46.4333,26.4,67.28,77,81,4.85,RO,2022-06-17 16:06:34
442,Upata,8.0086,-62.3989,80.19,69,48,5.32,VE,2022-06-17 16:06:34
443,Saint-Denis,48.9167,2.3333,94.93,26,0,3.44,FR,2022-06-17 16:02:08
444,Price,39.5994,-110.8107,81.12,14,0,5.75,US,2022-06-17 16:06:35
445,Ahmadnagar,19.0833,74.7333,82.51,61,100,16.62,IN,2022-06-17 16:06:35
446,Bull Savanna,17.8868,-77.5902,84.31,63,97,16.31,JM,2022-06-17 16:06:35
447,Pandan,14.0453,124.1694,81.77,82,11,6.91,PH,2022-06-17 16:06:36
448,Ruwi,23.5996,58.5507,91.09,53,0,1.48,OM,2022-06-17 16:06:36
449,Mecca,21.4267,39.8261,97.27,18,8,12.17,SA,2022-06-17 16:03:20
450,Alvaraes,-3.2208,-64.8042,91.27,53,92,3.13,BR,2022-06-17 16:06:36
451,Kalmunai,7.4167,81.8167,80.19,81,100,11.56,LK,2022-06-17 16:06:37
452,Almeria,37.1667,-2.3333,94.44,15,67,10.54,ES,2022-06-17 16:06:37
453,Srednekolymsk,67.45,153.6833,53.46,38,48,2.57,RU,2022-06-17 16:06:37
454,Deer Lake,49.1667,-57.4316,78.75,29,38,15.23,CA,2022-06-17 16:06:38
455,Bodden Town,19.2833,-81.25,86.0,75,40,10.36,KY,2022-06-17 16:03:17
456,Kupang,-10.1667,123.5833,77.86,75,38,11.45,ID,2022-06-17 16:06:38
457,Gondanglegi,-7.7479,112.0132,75.36,90,100,5.06,ID,2022-06-17 16:06:38
458,Cayenne,4.9333,-52.3333,89.64,11,75,3.44,GF,2022-06-17 16:06:39
459,Kendari,-3.945,122.4989,73.22,95,97,3.42,ID,2022-06-17 16:06:39
460,Salinopolis,-0.6136,-47.3561,85.42,62,85,7.49,BR,2022-06-17 16:06:39
461,Mulanje,-16.0316,35.5,62.22,90,17,6.04,MW,2022-06-17 16:06:40
462,Astana,51.1801,71.446,73.35,33,0,6.71,KZ,2022-06-17 16:06:40
463,Flin Flon,54.7682,-101.865,57.34,37,99,8.14,CA,2022-06-17 16:06:40
464,Narasannapeta,18.4167,84.05,83.77,80,100,10.74,IN,2022-06-17 16:06:40
465,Nevelsk,46.6733,141.8633,53.01,95,66,5.03,RU,2022-06-17 16:06:41
466,Piet Retief,-27.0071,30.8132,48.72,30,0,1.5,ZA,2022-06-17 16:06:32
467,Broken Hill,-31.95,141.4333,48.69,74,0,6.53,AU,2022-06-17 16:06:41
468,Pemba,-12.974,40.5178,76.82,71,51,21.65,MZ,2022-06-17 16:06:42
469,San Patricio,28.017,-97.5169,90.07,46,38,8.48,US,2022-06-17 16:06:42
470,Banyo,6.75,11.8167,70.72,88,99,2.24,CM,2022-06-17 16:06:42
471,Shimoda,34.6667,138.95,73.11,93,100,13.8,JP,2022-06-17 16:06:42
472,Lincoln,40.8,-96.667,84.87,64,0,12.66,US,2022-06-17 16:04:33
473,Pitimbu,-7.4706,-34.8086,84.79,63,93,6.06,BR,2022-06-17 16:06:43
474,Grindavik,63.8424,-22.4338,54.07,76,75,24.16,IS,2022-06-17 16:06:43
475,Severo-Kurilsk,50.6789,156.125,50.54,77,100,7.52,RU,2022-06-17 16:06:44
476,Kavieng,-2.5744,150.7967,81.73,77,60,14.58,PG,2022-06-17 16:06:44
477,Methoni,36.8197,21.7049,78.66,68,2,9.6,GR,2022-06-17 16:06:44
478,Meulaboh,4.1363,96.1285,76.66,83,99,2.51,ID,2022-06-17 16:06:44
479,Nanakuli,21.3906,-158.1547,76.95,73,0,5.75,US,2022-06-17 16:06:45
480,Ponazyrevo,58.3578,46.3142,63.32,71,83,3.94,RU,2022-06-17 16:06:45
481,Lamu,-2.2717,40.902,79.02,80,4,12.95,KE,2022-06-17 16:06:45
482,Kondinskoye,59.6481,67.41,64.56,60,16,4.5,RU,2022-06-17 16:06:46
483,Mount Pleasant,32.7941,-79.8626,91.13,61,0,5.75,US,2022-06-17 16:06:46
484,Concepcion,-36.827,-73.0498,51.26,79,96,2.28,CL,2022-06-17 16:06:46
485,Fukue,32.6881,128.8419,72.57,94,100,6.2,JP,2022-06-17 16:06:47
486,Jalu,29.0331,21.5482,94.03,19,0,12.77,LY,2022-06-17 16:06:47
487,Qaqortoq,60.7167,-46.0333,42.91,73,99,7.45,GL,2022-06-17 16:06:47
488,Morehead,37.2711,-87.1764,69.55,94,100,0.0,US,2022-06-17 16:06:48
489,Yar-Sale,66.8333,70.8333,57.83,49,75,9.98,RU,2022-06-17 16:06:48
490,San Rafael,-34.6177,-68.3301,54.66,27,0,7.0,AR,2022-06-17 16:06:48
491,Vallenar,-28.5708,-70.7581,65.12,26,1,3.38,CL,2022-06-17 16:06:49
492,Baker City,44.7749,-117.8344,58.59,71,0,3.44,US,2022-06-17 16:06:49
493,Vestmannaeyjar,63.4427,-20.2734,54.59,76,40,21.85,IS,2022-06-17 16:06:49
494,Xapuri,-10.6517,-68.5044,88.84,51,4,2.35,BR,2022-06-17 16:06:50
495,Northam,51.0333,-4.2167,65.61,87,11,11.23,GB,2022-06-17 16:06:50
496,Padang,-0.9492,100.3543,73.45,90,100,2.86,ID,2022-06-17 16:06:50
497,Santa Maria,-29.6842,-53.8069,60.8,96,100,10.56,BR,2022-06-17 16:06:51
498,Omsukchan,62.5333,155.8,44.51,90,100,0.92,RU,2022-06-17 16:06:51
499,Marawi,7.9986,124.2928,69.04,93,44,2.39,PH,2022-06-17 16:06:51
500,Toora-Khem,52.4675,96.11,52.16,84,97,5.08,RU,2022-06-17 16:06:51
501,Luba,3.4568,8.5547,75.61,85,98,3.15,GQ,2022-06-17 16:06:52
502,Ahuimanu,21.4447,-157.8378,76.71,78,75,10.36,US,2022-06-17 16:06:52
503,Adrar,20.5022,-10.0711,104.52,16,47,11.01,MR,2022-06-17 16:06:52
504,Havre-Saint-Pierre,50.2334,-63.5986,54.01,93,100,8.63,CA,2022-06-17 16:05:23
505,Kandete,-9.15,33.8,58.42,93,74,3.33,TZ,2022-06-17 16:06:53
506,Doctor Juan Manuel Frutos,-25.3667,-55.8,65.07,97,100,10.83,PY,2022-06-17 16:06:53
507,Pisco,-13.7,-76.2167,69.85,56,0,9.22,PE,2022-06-17 16:06:53
508,Bubaque,11.2833,-15.8333,79.29,78,92,13.2,GW,2022-06-17 16:02:19
509,Izumo,35.3667,132.7667,68.59,82,100,3.71,JP,2022-06-17 16:06:54
510,Soderhamn,61.3037,17.0592,65.95,65,96,8.97,SE,2022-06-17 16:06:54
511,Vila,42.0304,-8.1588,67.08,39,86,6.15,PT,2022-06-17 16:06:55
512,Aljezur,37.3191,-8.8033,72.68,56,56,10.89,PT,2022-06-17 16:06:55
513,Tornio,65.8481,24.1466,59.02,66,79,3.83,FI,2022-06-17 16:06:55
514,Phuket,8.0,98.25,88.12,87,20,2.3,TH,2022-06-17 16:06:55
515,Maltahohe,-24.8333,16.9833,67.24,24,15,14.99,NA,2022-06-17 16:06:56
516,Monmouth,40.3001,-74.1663,91.02,64,0,16.11,US,2022-06-17 16:05:50
517,Valdobbiadene,45.8993,11.9946,85.1,51,97,5.03,IT,2022-06-17 16:06:56
518,Port Hedland,-20.3167,118.5667,66.25,82,99,0.0,AU,2022-06-17 16:06:57
519,Sokoto,13.0609,5.239,88.11,45,98,6.49,NG,2022-06-17 16:06:57
520,Santana,-0.0583,-51.1817,91.58,58,40,5.75,BR,2022-06-17 16:06:57
521,Belmonte,-15.8631,-38.8828,73.9,78,59,4.54,BR,2022-06-17 16:06:58
522,Saint Anthony,45.0205,-93.218,78.89,47,0,13.8,US,2022-06-17 16:06:25
523,San Cristobal,7.7669,-72.225,78.98,93,100,6.04,VE,2022-06-17 16:06:58
524,Ostrovnoy,68.0531,39.5131,40.24,97,100,16.6,RU,2022-06-17 16:06:59
525,Palmer,42.1584,-72.3287,82.58,69,40,14.97,US,2022-06-17 16:03:45
526,Iquique,-20.2208,-70.1431,62.64,61,0,8.21,CL,2022-06-17 16:06:59
527,Petropavlovsk-Kamchatskiy,53.0452,158.6483,50.92,74,90,10.13,RU,2022-06-17 16:06:59
528,Sembe,1.6481,14.5806,69.51,99,100,0.81,CG,2022-06-17 16:07:00
529,Chum Phae,16.5443,102.0992,79.18,81,100,3.4,TH,2022-06-17 16:07:00
530,Warrington,53.3925,-2.5802,82.62,65,0,18.41,GB,2022-06-17 16:07:01
531,Sinnamary,5.3833,-52.95,83.01,70,40,4.81,GF,2022-06-17 16:07:01
532,Teguise,29.0605,-13.564,75.42,57,20,27.63,ES,2022-06-17 16:07:01
533,Mercedes,-34.6515,-59.4307,54.03,27,26,21.65,AR,2022-06-17 16:07:01
534,Mareeba,-17.0,145.4333,66.92,99,24,2.19,AU,2022-06-17 16:07:02
535,Muros,42.7762,-9.0603,76.15,73,100,2.3,ES,2022-06-17 16:06:50
536,Aranos,-24.1333,19.1167,68.4,19,0,7.76,NA,2022-06-17 16:07:02
537,Gornyy,55.1153,83.9059,53.35,98,100,8.93,RU,2022-06-17 16:07:03
538,Omboue,-1.5746,9.2618,75.7,73,100,8.16,GA,2022-06-17 16:07:03
539,Trinidad,-14.8333,-64.9,86.63,50,36,6.89,BO,2022-06-17 16:02:32
540,Arkadelphia,34.1209,-93.0538,91.18,71,0,0.0,US,2022-06-17 16:07:03
541,Marzuq,14.4,46.4667,87.03,30,80,3.49,YE,2022-06-17 16:07:04
542,Waipawa,-41.4122,175.5153,46.08,94,97,5.06,NZ,2022-06-17 16:07:04
543,Grenaa,56.4158,10.8783,62.82,91,100,12.91,DK,2022-06-17 16:07:04
544,Zhurivka,50.5028,31.7849,58.3,89,100,9.71,UA,2022-06-17 16:07:05
545,Champerico,14.3,-91.9167,77.41,87,100,6.26,GT,2022-06-17 16:07:05
546,Canakkale,40.0833,26.8333,77.58,39,0,12.88,TR,2022-06-17 16:07:05
547,Nederland,29.9744,-93.9924,89.58,64,75,4.61,US,2022-06-17 16:07:06
548,Miraflores,19.2167,-98.8083,63.36,44,20,2.46,MX,2022-06-17 16:07:06
549,Marang,5.2056,103.2059,78.85,85,66,6.6,MY,2022-06-17 16:07:06
550,Ugoofaaru,5.6667,73.0,82.99,75,96,10.02,MV,2022-06-17 16:07:07
551,Turayf,31.6725,38.6637,101.25,10,0,8.01,SA,2022-06-17 16:07:07
552,Nikolayevka,53.1257,47.2041,64.26,77,6,6.4,RU,2022-06-17 16:07:07
553,Oksfjord,70.2396,22.3479,50.18,74,98,5.53,NO,2022-06-17 16:07:08
554,High Prairie,55.4334,-116.4858,59.16,78,100,3.24,CA,2022-06-17 16:03:00
555,Hokitika,-42.7167,170.9667,51.15,79,100,4.97,NZ,2022-06-17 16:07:08
556,Santa Marta,11.2408,-74.199,83.82,74,69,2.28,CO,2022-06-17 16:07:08
557,Mundo Nuevo,18.7,-95.5,82.92,64,70,8.88,MX,2022-06-17 16:07:09
558,Zeya,53.75,127.2667,55.69,77,30,3.83,RU,2022-06-17 16:07:09
559,The Valley,18.217,-63.0578,85.1,78,20,10.36,AI,2022-06-17 16:04:24
560,Kabin Buri,13.9511,101.7177,79.29,85,96,5.19,TH,2022-06-17 16:07:09
561,Husavik,66.0449,-17.3389,45.57,98,100,12.97,IS,2022-06-17 16:07:10
562,Konanur,12.6264,76.0542,71.78,89,100,9.26,IN,2022-06-17 16:07:10
563,Koumac,-20.5667,164.2833,74.08,88,100,5.55,NC,2022-06-17 16:07:10
564,Rocha,-34.4833,-54.3333,59.36,41,74,15.5,UY,2022-06-17 16:07:11
565,Lukovetskiy,64.2956,41.9211,55.54,86,86,3.74,RU,2022-06-17 16:07:11
566,Panzhihua,26.5851,101.7128,75.2,76,100,1.97,CN,2022-06-17 16:07:11
567,Benton Harbor,42.1167,-86.4542,79.45,61,0,11.5,US,2022-06-17 16:05:15
568,Khiv,41.7543,47.9306,63.1,88,99,2.17,RU,2022-06-17 16:07:12
